hgvs	position	wildtype	mutation	type	count
p.(G2A)	2	G	A	missense	260
p.(G2C)	2	G	C	missense	507
p.(G2D)	2	G	D	missense	328
p.(G2E)	2	G	E	missense	331
p.(G2F)	2	G	F	missense	34
p.(G2G)	2	G	G	synonymous	95
p.(G2H)	2	G	H	missense	249
p.(G2I)	2	G	I	missense	148
p.(G2K)	2	G	K	missense	523
p.(G2L)	2	G	L	missense	275
p.(G2M)	2	G	M	missense	8
p.(G2N)	2	G	N	missense	472
p.(G2P)	2	G	P	missense	209
p.(G2Q)	2	G	Q	missense	320
p.(G2R)	2	G	R	missense	103
p.(G2S)	2	G	S	missense	266
p.(G2T)	2	G	T	missense	110
p.(G2V)	2	G	V	missense	93
p.(G2W)	2	G	W	missense	514
p.(G2Y)	2	G	Y	missense	207
p.(G2_I4del)	2	G	del2	deletion	211
p.(G2_N3del)	2	G	del1	deletion	254
p.(G2_N3insG)	2	G	ins0	insertion	593
p.(G2_N3insGS)	2	G	ins1	insertion	281
p.(G2del)	2	G	del0	deletion	81
p.(N3A)	3	N	A	missense	516
p.(N3C)	3	N	C	missense	121
p.(N3D)	3	N	D	missense	73
p.(N3E)	3	N	E	missense	145
p.(N3F)	3	N	F	missense	297
p.(N3G)	3	N	G	missense	312
p.(N3H)	3	N	H	missense	145
p.(N3I)	3	N	I	missense	53
p.(N3K)	3	N	K	missense	97
p.(N3L)	3	N	L	missense	146
p.(N3M)	3	N	M	missense	204
p.(N3N)	3	N	N	synonymous	193
p.(N3P)	3	N	P	missense	91
p.(N3Q)	3	N	Q	missense	237
p.(N3R)	3	N	R	missense	726
p.(N3S)	3	N	S	missense	6
p.(N3T)	3	N	T	missense	151
p.(N3V)	3	N	V	missense	103
p.(N3W)	3	N	W	missense	329
p.(N3Y)	3	N	Y	missense	149
p.(N3_I4del)	3	N	del1	deletion	95
p.(N3_I4insG)	3	N	ins0	insertion	68
p.(N3_I4insGS)	3	N	ins1	insertion	126
p.(N3_I4insGSG)	3	N	ins2	insertion	89
p.(N3_T5del)	3	N	del2	deletion	743
p.(N3del)	3	N	del0	deletion	72
p.(I4A)	4	I	A	missense	114
p.(I4C)	4	I	C	missense	156
p.(I4D)	4	I	D	missense	159
p.(I4E)	4	I	E	missense	244
p.(I4F)	4	I	F	missense	102
p.(I4G)	4	I	G	missense	281
p.(I4H)	4	I	H	missense	192
p.(I4K)	4	I	K	missense	355
p.(I4L)	4	I	L	missense	239
p.(I4M)	4	I	M	missense	189
p.(I4N)	4	I	N	missense	951
p.(I4P)	4	I	P	missense	137
p.(I4Q)	4	I	Q	missense	479
p.(I4R)	4	I	R	missense	128
p.(I4S)	4	I	S	missense	396
p.(I4T)	4	I	T	missense	242
p.(I4V)	4	I	V	missense	110
p.(I4W)	4	I	W	missense	39
p.(I4Y)	4	I	Y	missense	202
p.(I4_A6del)	4	I	del2	deletion	435
p.(I4_T5del)	4	I	del1	deletion	171
p.(I4_T5insG)	4	I	ins0	insertion	123
p.(I4_T5insGS)	4	I	ins1	insertion	51
p.(I4_T5insGSG)	4	I	ins2	insertion	40
p.(I4del)	4	I	del0	deletion	62
p.(T5A)	5	T	A	missense	172
p.(T5C)	5	T	C	missense	41
p.(T5D)	5	T	D	missense	90
p.(T5E)	5	T	E	missense	77
p.(T5F)	5	T	F	missense	8
p.(T5G)	5	T	G	missense	111
p.(T5H)	5	T	H	missense	5
p.(T5I)	5	T	I	missense	235
p.(T5K)	5	T	K	missense	150
p.(T5L)	5	T	L	missense	107
p.(T5M)	5	T	M	missense	116
p.(T5N)	5	T	N	missense	50
p.(T5P)	5	T	P	missense	93
p.(T5Q)	5	T	Q	missense	89
p.(T5R)	5	T	R	missense	450
p.(T5S)	5	T	S	missense	90
p.(T5T)	5	T	T	synonymous	103
p.(T5V)	5	T	V	missense	52
p.(T5W)	5	T	W	missense	159
p.(T5Y)	5	T	Y	missense	130
p.(T5_A6del)	5	T	del1	deletion	134
p.(T5_A6insG)	5	T	ins0	insertion	88
p.(T5_A6insGS)	5	T	ins1	insertion	761
p.(T5_A6insGSG)	5	T	ins2	insertion	90
p.(T5_D7del)	5	T	del2	deletion	129
p.(T5del)	5	T	del0	deletion	79
p.(A6C)	6	A	C	missense	394
p.(A6D)	6	A	D	missense	412
p.(A6E)	6	A	E	missense	435
p.(A6F)	6	A	F	missense	65
p.(A6G)	6	A	G	missense	163
p.(A6H)	6	A	H	missense	270
p.(A6I)	6	A	I	missense	339
p.(A6K)	6	A	K	missense	241
p.(A6L)	6	A	L	missense	167
p.(A6M)	6	A	M	missense	323
p.(A6N)	6	A	N	missense	309
p.(A6P)	6	A	P	missense	274
p.(A6Q)	6	A	Q	missense	196
p.(A6R)	6	A	R	missense	395
p.(A6S)	6	A	S	missense	137
p.(A6T)	6	A	T	missense	149
p.(A6V)	6	A	V	missense	586
p.(A6W)	6	A	W	missense	198
p.(A6Y)	6	A	Y	missense	126
p.(A6_D7del)	6	A	del1	deletion	1259
p.(A6_D7insG)	6	A	ins0	insertion	627
p.(A6_D7insGS)	6	A	ins1	insertion	270
p.(A6_D7insGSG)	6	A	ins2	insertion	185
p.(A6_N8del)	6	A	del2	deletion	240
p.(A6del)	6	A	del0	deletion	332
p.(D7A)	7	D	A	missense	172
p.(D7C)	7	D	C	missense	297
p.(D7D)	7	D	D	synonymous	302
p.(D7E)	7	D	E	missense	22
p.(D7F)	7	D	F	missense	265
p.(D7G)	7	D	G	missense	307
p.(D7H)	7	D	H	missense	219
p.(D7I)	7	D	I	missense	40
p.(D7K)	7	D	K	missense	22
p.(D7L)	7	D	L	missense	105
p.(D7M)	7	D	M	missense	398
p.(D7N)	7	D	N	missense	496
p.(D7P)	7	D	P	missense	260
p.(D7Q)	7	D	Q	missense	69
p.(D7R)	7	D	R	missense	194
p.(D7S)	7	D	S	missense	324
p.(D7T)	7	D	T	missense	108
p.(D7V)	7	D	V	missense	325
p.(D7W)	7	D	W	missense	189
p.(D7Y)	7	D	Y	missense	420
p.(D7_N8del)	7	D	del1	deletion	182
p.(D7_N8insG)	7	D	ins0	insertion	388
p.(D7_N8insGS)	7	D	ins1	insertion	102
p.(D7_N8insGSG)	7	D	ins2	insertion	178
p.(D7_S9del)	7	D	del2	deletion	451
p.(D7del)	7	D	del0	deletion	118
p.(N8A)	8	N	A	missense	31
p.(N8C)	8	N	C	missense	64
p.(N8D)	8	N	D	missense	73
p.(N8F)	8	N	F	missense	158
p.(N8G)	8	N	G	missense	46
p.(N8H)	8	N	H	missense	68
p.(N8I)	8	N	I	missense	122
p.(N8K)	8	N	K	missense	137
p.(N8L)	8	N	L	missense	196
p.(N8M)	8	N	M	missense	50
p.(N8P)	8	N	P	missense	160
p.(N8Q)	8	N	Q	missense	326
p.(N8R)	8	N	R	missense	66
p.(N8S)	8	N	S	missense	358
p.(N8T)	8	N	T	missense	242
p.(N8V)	8	N	V	missense	254
p.(N8W)	8	N	W	missense	134
p.(N8Y)	8	N	Y	missense	147
p.(N8_S10del)	8	N	del2	deletion	181
p.(N8_S9del)	8	N	del1	deletion	66
p.(N8_S9insG)	8	N	ins0	insertion	535
p.(N8_S9insGS)	8	N	ins1	insertion	33
p.(N8_S9insGSG)	8	N	ins2	insertion	240
p.(N8del)	8	N	del0	deletion	291
p.(S9A)	9	S	A	missense	105
p.(S9C)	9	S	C	missense	56
p.(S9D)	9	S	D	missense	134
p.(S9E)	9	S	E	missense	76
p.(S9F)	9	S	F	missense	425
p.(S9G)	9	S	G	missense	99
p.(S9H)	9	S	H	missense	55
p.(S9I)	9	S	I	missense	112
p.(S9K)	9	S	K	missense	353
p.(S9L)	9	S	L	missense	230
p.(S9M)	9	S	M	missense	194
p.(S9N)	9	S	N	missense	241
p.(S9P)	9	S	P	missense	56
p.(S9Q)	9	S	Q	missense	11
p.(S9R)	9	S	R	missense	176
p.(S9S)	9	S	S	synonymous	0
p.(S9T)	9	S	T	missense	10
p.(S9V)	9	S	V	missense	748
p.(S9W)	9	S	W	missense	67
p.(S9Y)	9	S	Y	missense	133
p.(S9_M11del)	9	S	del2	deletion	925
p.(S9_S10del)	9	S	del1	deletion	144
p.(S9_S10insG)	9	S	ins0	insertion	225
p.(S9_S10insGS)	9	S	ins1	insertion	138
p.(S9_S10insGSG)	9	S	ins2	insertion	186
p.(S9del)	9	S	del0	deletion	332
p.(S10A)	10	S	A	missense	57
p.(S10C)	10	S	C	missense	187
p.(S10D)	10	S	D	missense	66
p.(S10E)	10	S	E	missense	284
p.(S10F)	10	S	F	missense	286
p.(S10G)	10	S	G	missense	320
p.(S10H)	10	S	H	missense	69
p.(S10I)	10	S	I	missense	343
p.(S10K)	10	S	K	missense	142
p.(S10L)	10	S	L	missense	41
p.(S10M)	10	S	M	missense	171
p.(S10N)	10	S	N	missense	146
p.(S10P)	10	S	P	missense	488
p.(S10Q)	10	S	Q	missense	54
p.(S10R)	10	S	R	missense	61
p.(S10S)	10	S	S	synonymous	489
p.(S10T)	10	S	T	missense	327
p.(S10V)	10	S	V	missense	117
p.(S10W)	10	S	W	missense	59
p.(S10Y)	10	S	Y	missense	752
p.(S10_M11del)	10	S	del1	deletion	322
p.(S10_M11insG)	10	S	ins0	insertion	202
p.(S10_M11insGSG)	10	S	ins2	insertion	795
p.(M11A)	11	M	A	missense	95
p.(M11C)	11	M	C	missense	80
p.(M11D)	11	M	D	missense	295
p.(M11E)	11	M	E	missense	228
p.(M11F)	11	M	F	missense	268
p.(M11G)	11	M	G	missense	84
p.(M11H)	11	M	H	missense	224
p.(M11I)	11	M	I	missense	449
p.(M11K)	11	M	K	missense	52
p.(M11L)	11	M	L	missense	194
p.(M11N)	11	M	N	missense	266
p.(M11P)	11	M	P	missense	148
p.(M11Q)	11	M	Q	missense	364
p.(M11R)	11	M	R	missense	262
p.(M11S)	11	M	S	missense	52
p.(M11T)	11	M	T	missense	463
p.(M11V)	11	M	V	missense	266
p.(M11W)	11	M	W	missense	369
p.(M11Y)	11	M	Y	missense	187
p.(M11_C13del)	11	M	del2	deletion	13
p.(M11_S12insG)	11	M	ins0	insertion	689
p.(M11_S12insGS)	11	M	ins1	insertion	558
p.(M11_S12insGSG)	11	M	ins2	insertion	157
p.(M11del)	11	M	del0	deletion	487
p.(S12A)	12	S	A	missense	430
p.(S12C)	12	S	C	missense	131
p.(S12D)	12	S	D	missense	120
p.(S12E)	12	S	E	missense	214
p.(S12F)	12	S	F	missense	595
p.(S12G)	12	S	G	missense	645
p.(S12H)	12	S	H	missense	770
p.(S12I)	12	S	I	missense	107
p.(S12K)	12	S	K	missense	261
p.(S12L)	12	S	L	missense	71
p.(S12M)	12	S	M	missense	420
p.(S12N)	12	S	N	missense	200
p.(S12P)	12	S	P	missense	144
p.(S12Q)	12	S	Q	missense	222
p.(S12R)	12	S	R	missense	271
p.(S12S)	12	S	S	synonymous	268
p.(S12T)	12	S	T	missense	86
p.(S12V)	12	S	V	missense	350
p.(S12W)	12	S	W	missense	399
p.(S12Y)	12	S	Y	missense	329
p.(S12_C13del)	12	S	del1	deletion	27
p.(S12_C13insG)	12	S	ins0	insertion	264
p.(S12_C13insGS)	12	S	ins1	insertion	156
p.(S12_C13insGSG)	12	S	ins2	insertion	336
p.(S12_T14del)	12	S	del2	deletion	37
p.(S12del)	12	S	del0	deletion	464
p.(C13A)	13	C	A	missense	0
p.(C13C)	13	C	C	synonymous	181
p.(C13D)	13	C	D	missense	9
p.(C13E)	13	C	E	missense	17
p.(C13F)	13	C	F	missense	0
p.(C13G)	13	C	G	missense	5
p.(C13H)	13	C	H	missense	19
p.(C13I)	13	C	I	missense	0
p.(C13K)	13	C	K	missense	0
p.(C13L)	13	C	L	missense	15
p.(C13M)	13	C	M	missense	10
p.(C13N)	13	C	N	missense	0
p.(C13P)	13	C	P	missense	48
p.(C13Q)	13	C	Q	missense	9
p.(C13R)	13	C	R	missense	13
p.(C13S)	13	C	S	missense	8
p.(C13T)	13	C	T	missense	17
p.(C13V)	13	C	V	missense	18
p.(C13W)	13	C	W	missense	0
p.(C13Y)	13	C	Y	missense	211
p.(C13_I15del)	13	C	del2	deletion	32
p.(C13_T14del)	13	C	del1	deletion	31
p.(C13_T14insG)	13	C	ins0	insertion	160
p.(C13_T14insGS)	13	C	ins1	insertion	227
p.(C13_T14insGSG)	13	C	ins2	insertion	20
p.(C13del)	13	C	del0	deletion	69
p.(T14A)	14	T	A	missense	624
p.(T14C)	14	T	C	missense	515
p.(T14D)	14	T	D	missense	466
p.(T14E)	14	T	E	missense	100
p.(T14F)	14	T	F	missense	1497
p.(T14G)	14	T	G	missense	1578
p.(T14H)	14	T	H	missense	228
p.(T14I)	14	T	I	missense	1490
p.(T14K)	14	T	K	missense	1312
p.(T14L)	14	T	L	missense	416
p.(T14M)	14	T	M	missense	165
p.(T14N)	14	T	N	missense	500
p.(T14P)	14	T	P	missense	444
p.(T14Q)	14	T	Q	missense	76
p.(T14R)	14	T	R	missense	479
p.(T14S)	14	T	S	missense	197
p.(T14T)	14	T	T	synonymous	398
p.(T14V)	14	T	V	missense	66
p.(T14W)	14	T	W	missense	705
p.(T14Y)	14	T	Y	missense	10
p.(T14_D16del)	14	T	del2	deletion	60
p.(T14_I15del)	14	T	del1	deletion	17
p.(T14_I15insG)	14	T	ins0	insertion	108
p.(T14_I15insGS)	14	T	ins1	insertion	75
p.(T14_I15insGSG)	14	T	ins2	insertion	15
p.(T14del)	14	T	del0	deletion	110
p.(I15A)	15	I	A	missense	149
p.(I15C)	15	I	C	missense	97
p.(I15D)	15	I	D	missense	28
p.(I15E)	15	I	E	missense	9
p.(I15F)	15	I	F	missense	16
p.(I15G)	15	I	G	missense	85
p.(I15H)	15	I	H	missense	84
p.(I15I)	15	I	I	synonymous	373
p.(I15K)	15	I	K	missense	49
p.(I15L)	15	I	L	missense	38
p.(I15M)	15	I	M	missense	434
p.(I15N)	15	I	N	missense	118
p.(I15P)	15	I	P	missense	139
p.(I15Q)	15	I	Q	missense	289
p.(I15R)	15	I	R	missense	281
p.(I15S)	15	I	S	missense	8
p.(I15T)	15	I	T	missense	111
p.(I15V)	15	I	V	missense	176
p.(I15W)	15	I	W	missense	358
p.(I15Y)	15	I	Y	missense	186
p.(I15_D16del)	15	I	del1	deletion	63
p.(I15_D16insGS)	15	I	ins1	insertion	282
p.(I15_D16insGSG)	15	I	ins2	insertion	185
p.(I15_H17del)	15	I	del2	deletion	47
p.(I15del)	15	I	del0	deletion	0
p.(D16A)	16	D	A	missense	246
p.(D16C)	16	D	C	missense	338
p.(D16E)	16	D	E	missense	503
p.(D16F)	16	D	F	missense	1065
p.(D16G)	16	D	G	missense	224
p.(D16H)	16	D	H	missense	6
p.(D16I)	16	D	I	missense	501
p.(D16K)	16	D	K	missense	2201
p.(D16L)	16	D	L	missense	278
p.(D16M)	16	D	M	missense	2923
p.(D16N)	16	D	N	missense	646
p.(D16P)	16	D	P	missense	261
p.(D16Q)	16	D	Q	missense	292
p.(D16R)	16	D	R	missense	428
p.(D16S)	16	D	S	missense	839
p.(D16T)	16	D	T	missense	687
p.(D16V)	16	D	V	missense	1348
p.(D16W)	16	D	W	missense	58
p.(D16Y)	16	D	Y	missense	181
p.(D16_H17del)	16	D	del1	deletion	14
p.(D16_H17insG)	16	D	ins0	insertion	104
p.(D16_H17insGS)	16	D	ins1	insertion	137
p.(D16_H17insGSG)	16	D	ins2	insertion	130
p.(D16_T18del)	16	D	del2	deletion	23
p.(D16del)	16	D	del0	deletion	8
p.(H17A)	17	H	A	missense	112
p.(H17C)	17	H	C	missense	432
p.(H17D)	17	H	D	missense	28
p.(H17E)	17	H	E	missense	44
p.(H17F)	17	H	F	missense	103
p.(H17G)	17	H	G	missense	54
p.(H17I)	17	H	I	missense	404
p.(H17K)	17	H	K	missense	1191
p.(H17L)	17	H	L	missense	156
p.(H17M)	17	H	M	missense	15
p.(H17N)	17	H	N	missense	221
p.(H17P)	17	H	P	missense	113
p.(H17Q)	17	H	Q	missense	345
p.(H17R)	17	H	R	missense	147
p.(H17S)	17	H	S	missense	174
p.(H17T)	17	H	T	missense	240
p.(H17V)	17	H	V	missense	180
p.(H17W)	17	H	W	missense	97
p.(H17Y)	17	H	Y	missense	177
p.(H17_I19del)	17	H	del2	deletion	15
p.(H17_T18del)	17	H	del1	deletion	13
p.(H17_T18insG)	17	H	ins0	insertion	276
p.(H17_T18insGS)	17	H	ins1	insertion	167
p.(H17_T18insGSG)	17	H	ins2	insertion	197
p.(H17del)	17	H	del0	deletion	70
p.(T18A)	18	T	A	missense	517
p.(T18C)	18	T	C	missense	110
p.(T18D)	18	T	D	missense	24
p.(T18E)	18	T	E	missense	0
p.(T18F)	18	T	F	missense	1792
p.(T18G)	18	T	G	missense	118
p.(T18H)	18	T	H	missense	1435
p.(T18I)	18	T	I	missense	339
p.(T18K)	18	T	K	missense	35
p.(T18L)	18	T	L	missense	797
p.(T18M)	18	T	M	missense	405
p.(T18N)	18	T	N	missense	66
p.(T18P)	18	T	P	missense	40
p.(T18Q)	18	T	Q	missense	360
p.(T18R)	18	T	R	missense	453
p.(T18S)	18	T	S	missense	116
p.(T18T)	18	T	T	synonymous	284
p.(T18V)	18	T	V	missense	185
p.(T18W)	18	T	W	missense	977
p.(T18Y)	18	T	Y	missense	387
p.(T18_I19del)	18	T	del1	deletion	0
p.(T18_I19insG)	18	T	ins0	insertion	276
p.(T18_I19insGS)	18	T	ins1	insertion	337
p.(T18_I19insGSG)	18	T	ins2	insertion	401
p.(T18del)	18	T	del0	deletion	41
p.(I19A)	19	I	A	missense	12
p.(I19C)	19	I	C	missense	42
p.(I19D)	19	I	D	missense	0
p.(I19E)	19	I	E	missense	13
p.(I19F)	19	I	F	missense	54
p.(I19G)	19	I	G	missense	8
p.(I19H)	19	I	H	missense	4
p.(I19I)	19	I	I	synonymous	420
p.(I19K)	19	I	K	missense	16
p.(I19L)	19	I	L	missense	51
p.(I19M)	19	I	M	missense	65
p.(I19N)	19	I	N	missense	30
p.(I19P)	19	I	P	missense	67
p.(I19Q)	19	I	Q	missense	15
p.(I19R)	19	I	R	missense	28
p.(I19S)	19	I	S	missense	28
p.(I19T)	19	I	T	missense	134
p.(I19V)	19	I	V	missense	201
p.(I19W)	19	I	W	missense	771
p.(I19Y)	19	I	Y	missense	48
p.(I19_H20del)	19	I	del1	deletion	19
p.(I19_H20insG)	19	I	ins0	insertion	3
p.(I19_H20insGS)	19	I	ins1	insertion	9
p.(I19_H20insGSG)	19	I	ins2	insertion	0
p.(I19_Q21del)	19	I	del2	deletion	14
p.(I19del)	19	I	del0	deletion	5
p.(H20A)	20	H	A	missense	49
p.(H20C)	20	H	C	missense	13
p.(H20D)	20	H	D	missense	41
p.(H20E)	20	H	E	missense	30
p.(H20F)	20	H	F	missense	10
p.(H20G)	20	H	G	missense	0
p.(H20I)	20	H	I	missense	119
p.(H20K)	20	H	K	missense	442
p.(H20L)	20	H	L	missense	85
p.(H20M)	20	H	M	missense	337
p.(H20N)	20	H	N	missense	58
p.(H20P)	20	H	P	missense	54
p.(H20Q)	20	H	Q	missense	220
p.(H20R)	20	H	R	missense	320
p.(H20S)	20	H	S	missense	160
p.(H20T)	20	H	T	missense	51
p.(H20V)	20	H	V	missense	7
p.(H20W)	20	H	W	missense	31
p.(H20Y)	20	H	Y	missense	144
p.(H20_Q21del)	20	H	del1	deletion	102
p.(H20_Q21insG)	20	H	ins0	insertion	0
p.(H20_Q21insGS)	20	H	ins1	insertion	31
p.(H20_Q21insGSG)	20	H	ins2	insertion	6
p.(H20_T22del)	20	H	del2	deletion	29
p.(H20del)	20	H	del0	deletion	30
p.(Q21A)	21	Q	A	missense	448
p.(Q21C)	21	Q	C	missense	42
p.(Q21D)	21	Q	D	missense	90
p.(Q21E)	21	Q	E	missense	311
p.(Q21F)	21	Q	F	missense	306
p.(Q21G)	21	Q	G	missense	188
p.(Q21H)	21	Q	H	missense	752
p.(Q21I)	21	Q	I	missense	114
p.(Q21K)	21	Q	K	missense	127
p.(Q21L)	21	Q	L	missense	188
p.(Q21M)	21	Q	M	missense	117
p.(Q21N)	21	Q	N	missense	77
p.(Q21P)	21	Q	P	missense	9
p.(Q21R)	21	Q	R	missense	163
p.(Q21S)	21	Q	S	missense	267
p.(Q21T)	21	Q	T	missense	124
p.(Q21V)	21	Q	V	missense	152
p.(Q21W)	21	Q	W	missense	350
p.(Q21Y)	21	Q	Y	missense	72
p.(Q21_L23del)	21	Q	del2	deletion	33
p.(Q21_T22del)	21	Q	del1	deletion	37
p.(Q21_T22insG)	21	Q	ins0	insertion	0
p.(Q21_T22insGS)	21	Q	ins1	insertion	0
p.(Q21_T22insGSG)	21	Q	ins2	insertion	17
p.(Q21del)	21	Q	del0	deletion	55
